GHO (CODE),GHO (DISPLAY),GHO (URL),YEAR (DISPLAY),STARTYEAR,ENDYEAR,REGION (CODE),REGION (DISPLAY),COUNTRY (CODE),COUNTRY (DISPLAY),DIMENSION (TYPE),DIMENSION (CODE),DIMENSION (NAME),Numeric,Value,Low,High
#indicator+code,#indicator+name,#indicator+url,#date+year,#date+year+start,#date+year+end,#region+code,#region+name,#country+code,#country+name,#dimension+type,#dimension+code,#dimension+name,#indicator+value+num,#indicator+value,#indicator+value+low,#indicator+value+high
SDGODAWS,Amount of water- and sanitation-related official development assistance that is part of a government-coordinated spending plan (constant 2023 US$ millions),https://www.who.int/data/gho/data/indicators/indicator-details/GHO/amount-of-water--and-sanitation-related-official-development-assistance-that-is-part-of-a-government-coordinated-spending-plan,2013,2013,2013,AFR,Africa,GHA,Ghana,,,,64.3919,64.4,,
WSH_SANITATION_BASIC,Population using at least basic sanitation services (%),https://www.who.int/data/gho/data/indicators/indicator-details/GHO/population-using-at-least-basic-sanitation-services-%28-%29,2005,2005,2005,AFR,Africa,GHA,Ghana,RESIDENCEAREATYPE,RESIDENCEAREATYPE_TOTL,Total,10.00244,10,,
WSH_SANITATION_BASIC,Population using at least basic sanitation services (%),https://www.who.int/data/gho/data/indicators/indicator-details/GHO/population-using-at-least-basic-sanitation-services-%28-%29,2021,2021,2021,AFR,Africa,GHA,Ghana,RESIDENCEAREATYPE,RESIDENCEAREATYPE_TOTL,Total,27.37524,27,,
WSH_SANITATION_BASIC,Population using at least basic sanitation services (%),https://www.who.int/data/gho/data/indicators/indicator-details/GHO/population-using-at-least-basic-sanitation-services-%28-%29,2008,2008,2008,AFR,Africa,GHA,Ghana,RESIDENCEAREATYPE,RESIDENCEAREATYPE_URB,Urban,18.5761,19,,
WSH_WATER_SAFELY_MANAGED,Population using safely managed drinking-water services (%),https://www.who.int/data/gho/data/indicators/indicator-details/GHO/population-using-safely-managed-drinking-water-services-%28-%29,2016,2016,2016,AFR,Africa,GHA,Ghana,RESIDENCEAREATYPE,RESIDENCEAREATYPE_TOTL,Total,35.01281,35,,
WSH_SANITATION_BASIC,Population using at least basic sanitation services (%),https://www.who.int/data/gho/data/indicators/indicator-details/GHO/population-using-at-least-basic-sanitation-services-%28-%29,2002,2002,2002,AFR,Africa,GHA,Ghana,RESIDENCEAREATYPE,RESIDENCEAREATYPE_TOTL,Total,7.23252,7,,
WSH_WATER_SAFELY_MANAGED,Population using safely managed drinking-water services (%),https://www.who.int/data/gho/data/indicators/indicator-details/GHO/population-using-safely-managed-drinking-water-services-%28-%29,2011,2011,2011,AFR,Africa,GHA,Ghana,RESIDENCEAREATYPE,RESIDENCEAREATYPE_TOTL,Total,26.48082,26,,
WSH_SANITATION_SAFELY_MANAGED,Population using safely managed sanitation services (%),https://www.who.int/data/gho/data/indicators/indicator-details/GHO/population-using-safely-managed-sanitation-services-%28-%29,2009,2009,2009,AFR,Africa,GHA,Ghana,RESIDENCEAREATYPE,RESIDENCEAREATYPE_URB,Urban,9.29931,9,,
WSH_SANITATION_SAFELY_MANAGED,Population using safely managed sanitation services (%),https://www.who.int/data/gho/data/indicators/indicator-details/GHO/population-using-safely-managed-sanitation-services-%28-%29,2021,2021,2021,AFR,Africa,GHA,Ghana,RESIDENCEAREATYPE,RESIDENCEAREATYPE_URB,Urban,13.71536,14,,
WSH_SANITATION_SAFELY_MANAGED,Population using safely managed sanitation services (%),https://www.who.int/data/gho/data/indicators/indicator-details/GHO/population-using-safely-managed-sanitation-services-%28-%29,2017,2017,2017,AFR,Africa,GHA,Ghana,RESIDENCEAREATYPE,RESIDENCEAREATYPE_TOTL,Total,12.91806,13,,
WSH_SANITATION_SAFELY_MANAGED,Population using safely managed sanitation services (%),https://www.who.int/data/gho/data/indicators/indicator-details/GHO/population-using-safely-managed-sanitation-services-%28-%29,2012,2012,2012,AFR,Africa,GHA,Ghana,RESIDENCEAREATYPE,RESIDENCEAREATYPE_RUR,Rural,9.41565,9,,
SDGODAWS,Amount of water- and sanitation-related official development assistance that is part of a government-coordinated spending plan (constant 2023 US$ millions),https://www.who.int/data/gho/data/indicators/indicator-details/GHO/amount-of-water--and-sanitation-related-official-development-assistance-that-is-part-of-a-government-coordinated-spending-plan,2020,2020,2020,AFR,Africa,GHA,Ghana,,,,75.461,75.5,,
WSH_WATER_SAFELY_MANAGED,Population using safely managed drinking-water services (%),https://www.who.int/data/gho/data/indicators/indicator-details/GHO/population-using-safely-managed-drinking-water-services-%28-%29,2022,2022,2022,AFR,Africa,GHA,Ghana,RESIDENCEAREATYPE,RESIDENCEAREATYPE_URB,Urban,62.56317,63,,
WSH_WATER_SAFELY_MANAGED,Population using safely managed drinking-water services (%),https://www.who.int/data/gho/data/indicators/indicator-details/GHO/population-using-safely-managed-drinking-water-services-%28-%29,2011,2011,2011,AFR,Africa,GHA,Ghana,RESIDENCEAREATYPE,RESIDENCEAREATYPE_RUR,Rural,7.04467,7,,
WSH_WATER_SAFELY_MANAGED,Population using safely managed drinking-water services (%),https://www.who.int/data/gho/data/indicators/indicator-details/GHO/population-using-safely-managed-drinking-water-services-%28-%29,2010,2010,2010,AFR,Africa,GHA,Ghana,RESIDENCEAREATYPE,RESIDENCEAREATYPE_RUR,Rural,6.11834,6,,
SDGODAWS,Amount of water- and sanitation-related official development assistance that is part of a government-coordinated spending plan (constant 2023 US$ millions),https://www.who.int/data/gho/data/indicators/indicator-details/GHO/amount-of-water--and-sanitation-related-official-development-assistance-that-is-part-of-a-government-coordinated-spending-plan,2021,2021,2021,AFR,Africa,GHA,Ghana,,,,57.2106,57.2,,
WSH_WATER_SAFELY_MANAGED,Population using safely managed drinking-water services (%),https://www.who.int/data/gho/data/indicators/indicator-details/GHO/population-using-safely-managed-drinking-water-services-%28-%29,2015,2015,2015,AFR,Africa,GHA,Ghana,RESIDENCEAREATYPE,RESIDENCEAREATYPE_URB,Urban,52.14323,52,,
WSH_SANITATION_SAFELY_MANAGED,Population using safely managed sanitation services (%),https://www.who.int/data/gho/data/indicators/indicator-details/GHO/population-using-safely-managed-sanitation-services-%28-%29,2012,2012,2012,AFR,Africa,GHA,Ghana,RESIDENCEAREATYPE,RESIDENCEAREATYPE_TOTL,Total,9.97065,10,,
SDGODAWS,Amount of water- and sanitation-related official development assistance that is part of a government-coordinated spending plan (constant 2023 US$ millions),https://www.who.int/data/gho/data/indicators/indicator-details/GHO/amount-of-water--and-sanitation-related-official-development-assistance-that-is-part-of-a-government-coordinated-spending-plan,2017,2017,2017,AFR,Africa,GHA,Ghana,,,,82.5357,82.5,,
SDGODAWS,Amount of water- and sanitation-related official development assistance that is part of a government-coordinated spending plan (constant 2023 US$ millions),https://www.who.int/data/gho/data/indicators/indicator-details/GHO/amount-of-water--and-sanitation-related-official-development-assistance-that-is-part-of-a-government-coordinated-spending-plan,2011,2011,2011,AFR,Africa,GHA,Ghana,,,,75.1763,75.2,,
WSH_SANITATION_BASIC,Population using at least basic sanitation services (%),https://www.who.int/data/gho/data/indicators/indicator-details/GHO/population-using-at-least-basic-sanitation-services-%28-%29,2007,2007,2007,AFR,Africa,GHA,Ghana,RESIDENCEAREATYPE,RESIDENCEAREATYPE_RUR,Rural,6.63083,7,,
WSH_WATER_SAFELY_MANAGED,Population using safely managed drinking-water services (%),https://www.who.int/data/gho/data/indicators/indicator-details/GHO/population-using-safely-managed-drinking-water-services-%28-%29,2012,2012,2012,AFR,Africa,GHA,Ghana,RESIDENCEAREATYPE,RESIDENCEAREATYPE_RUR,Rural,7.99532,8,,
WSH_SANITATION_BASIC,Population using at least basic sanitation services (%),https://www.who.int/data/gho/data/indicators/indicator-details/GHO/population-using-at-least-basic-sanitation-services-%28-%29,2006,2006,2006,AFR,Africa,GHA,Ghana,RESIDENCEAREATYPE,RESIDENCEAREATYPE_TOTL,Total,10.96385,11,,
WSH_SANITATION_SAFELY_MANAGED,Population using safely managed sanitation services (%),https://www.who.int/data/gho/data/indicators/indicator-details/GHO/population-using-safely-managed-sanitation-services-%28-%29,2008,2008,2008,AFR,Africa,GHA,Ghana,RESIDENCEAREATYPE,RESIDENCEAREATYPE_TOTL,Total,7.62818,8,,
SDGODAWS,Amount of water- and sanitation-related official development assistance that is part of a government-coordinated spending plan (constant 2023 US$ millions),https://www.who.int/data/gho/data/indicators/indicator-details/GHO/amount-of-water--and-sanitation-related-official-development-assistance-that-is-part-of-a-government-coordinated-spending-plan,2010,2010,2010,AFR,Africa,GHA,Ghana,,,,117.3182,117.3,,
WSH_SANITATION_BASIC,Population using at least basic sanitation services (%),https://www.who.int/data/gho/data/indicators/indicator-details/GHO/population-using-at-least-basic-sanitation-services-%28-%29,2016,2016,2016,AFR,Africa,GHA,Ghana,RESIDENCEAREATYPE,RESIDENCEAREATYPE_TOTL,Total,21.52793,22,,
WSH_SANITATION_SAFELY_MANAGED,Population using safely managed sanitation services (%),https://www.who.int/data/gho/data/indicators/indicator-details/GHO/population-using-safely-managed-sanitation-services-%28-%29,2010,2010,2010,AFR,Africa,GHA,Ghana,RESIDENCEAREATYPE,RESIDENCEAREATYPE_RUR,Rural,7.86538,8,,
WSH_SANITATION_BASIC,Population using at least basic sanitation services (%),https://www.who.int/data/gho/data/indicators/indicator-details/GHO/population-using-at-least-basic-sanitation-services-%28-%29,2014,2014,2014,AFR,Africa,GHA,Ghana,RESIDENCEAREATYPE,RESIDENCEAREATYPE_URB,Urban,24.88698,25,,
WSH_SANITATION_SAFELY_MANAGED,Population using safely managed sanitation services (%),https://www.who.int/data/gho/data/indicators/indicator-details/GHO/population-using-safely-managed-sanitation-services-%28-%29,2000,2000,2000,AFR,Africa,GHA,Ghana,RESIDENCEAREATYPE,RESIDENCEAREATYPE_URB,Urban,5.86762,6,,
SDGODAWS,Amount of water- and sanitation-related official development assistance that is part of a government-coordinated spending plan (constant 2023 US$ millions),https://www.who.int/data/gho/data/indicators/indicator-details/GHO/amount-of-water--and-sanitation-related-official-development-assistance-that-is-part-of-a-government-coordinated-spending-plan,2018,2018,2018,AFR,Africa,GHA,Ghana,,,,68.0333,68.0,,
WSH_SANITATION_SAFELY_MANAGED,Population using safely managed sanitation services (%),https://www.who.int/data/gho/data/indicators/indicator-details/GHO/population-using-safely-managed-sanitation-services-%28-%29,2008,2008,2008,AFR,Africa,GHA,Ghana,RESIDENCEAREATYPE,RESIDENCEAREATYPE_RUR,Rural,6.39512,6,,
WSH_SANITATION_BASIC,Population using at least basic sanitation services (%),https://www.who.int/data/gho/data/indicators/indicator-details/GHO/population-using-at-least-basic-sanitation-services-%28-%29,2022,2022,2022,AFR,Africa,GHA,Ghana,RESIDENCEAREATYPE,RESIDENCEAREATYPE_RUR,Rural,21.38119,21,,
WSH_SANITATION_BASIC,Population using at least basic sanitation services (%),https://www.who.int/data/gho/data/indicators/indicator-details/GHO/population-using-at-least-basic-sanitation-services-%28-%29,2018,2018,2018,AFR,Africa,GHA,Ghana,RESIDENCEAREATYPE,RESIDENCEAREATYPE_URB,Urban,29.22561,29,,
WSH_WATER_SAFELY_MANAGED,Population using safely managed drinking-water services (%),https://www.who.int/data/gho/data/indicators/indicator-details/GHO/population-using-safely-managed-drinking-water-services-%28-%29,2008,2008,2008,AFR,Africa,GHA,Ghana,RESIDENCEAREATYPE,RESIDENCEAREATYPE_URB,Urban,39.55305,40,,
WSH_WATER_SAFELY_MANAGED,Population using safely managed drinking-water services (%),https://www.who.int/data/gho/data/indicators/indicator-details/GHO/population-using-safely-managed-drinking-water-services-%28-%29,2018,2018,2018,AFR,Africa,GHA,Ghana,RESIDENCEAREATYPE,RESIDENCEAREATYPE_URB,Urban,57.7546,58,,
WSH_SANITATION_SAFELY_MANAGED,Population using safely managed sanitation services (%),https://www.who.int/data/gho/data/indicators/indicator-details/GHO/population-using-safely-managed-sanitation-services-%28-%29,2011,2011,2011,AFR,Africa,GHA,Ghana,RESIDENCEAREATYPE,RESIDENCEAREATYPE_RUR,Rural,8.63051,9,,
WSH_SANITATION_SAFELY_MANAGED,Population using safely managed sanitation services (%),https://www.who.int/data/gho/data/indicators/indicator-details/GHO/population-using-safely-managed-sanitation-services-%28-%29,2004,2004,2004,AFR,Africa,GHA,Ghana,RESIDENCEAREATYPE,RESIDENCEAREATYPE_RUR,Rural,3.693,4,,
WSH_SANITATION_SAFELY_MANAGED,Population using safely managed sanitation services (%),https://www.who.int/data/gho/data/indicators/indicator-details/GHO/population-using-safely-managed-sanitation-services-%28-%29,2015,2015,2015,AFR,Africa,GHA,Ghana,RESIDENCEAREATYPE,RESIDENCEAREATYPE_URB,Urban,11.61153,12,,
WSH_WATER_SAFELY_MANAGED,Population using safely managed drinking-water services (%),https://www.who.int/data/gho/data/indicators/indicator-details/GHO/population-using-safely-managed-drinking-water-services-%28-%29,2001,2001,2001,AFR,Africa,GHA,Ghana,RESIDENCEAREATYPE,RESIDENCEAREATYPE_RUR,Rural,0.0,0,,
WSH_SANITATION_BASIC,Population using at least basic sanitation services (%),https://www.who.int/data/gho/data/indicators/indicator-details/GHO/population-using-at-least-basic-sanitation-services-%28-%29,2015,2015,2015,AFR,Africa,GHA,Ghana,RESIDENCEAREATYPE,RESIDENCEAREATYPE_URB,Urban,25.96179,26,,
WSH_SANITATION_SAFELY_MANAGED,Population using safely managed sanitation services (%),https://www.who.int/data/gho/data/indicators/indicator-details/GHO/population-using-safely-managed-sanitation-services-%28-%29,2015,2015,2015,AFR,Africa,GHA,Ghana,RESIDENCEAREATYPE,RESIDENCEAREATYPE_RUR,Rural,11.89105,12,,
WSH_SANITATION_BASIC,Population using at least basic sanitation services (%),https://www.who.int/data/gho/data/indicators/indicator-details/GHO/population-using-at-least-basic-sanitation-services-%28-%29,2013,2013,2013,AFR,Africa,GHA,Ghana,RESIDENCEAREATYPE,RESIDENCEAREATYPE_URB,Urban,23.81875,24,,
WSH_WATER_SAFELY_MANAGED,Population using safely managed drinking-water services (%),https://www.who.int/data/gho/data/indicators/indicator-details/GHO/population-using-safely-managed-drinking-water-services-%28-%29,2019,2019,2019,AFR,Africa,GHA,Ghana,RESIDENCEAREATYPE,RESIDENCEAREATYPE_RUR,Rural,15.33082,15,,
WSH_SANITATION_BASIC,Population using at least basic sanitation services (%),https://www.who.int/data/gho/data/indicators/indicator-details/GHO/population-using-at-least-basic-sanitation-services-%28-%29,2003,2003,2003,AFR,Africa,GHA,Ghana,RESIDENCEAREATYPE,RESIDENCEAREATYPE_RUR,Rural,3.57839,4,,
WSH_SANITATION_BASIC,Population using at least basic sanitation services (%),https://www.who.int/data/gho/data/indicators/indicator-details/GHO/population-using-at-least-basic-sanitation-services-%28-%29,2021,2021,2021,AFR,Africa,GHA,Ghana,RESIDENCEAREATYPE,RESIDENCEAREATYPE_RUR,Rural,20.23554,20,,
WSH_WATER_SAFELY_MANAGED,Population using safely managed drinking-water services (%),https://www.who.int/data/gho/data/indicators/indicator-details/GHO/population-using-safely-managed-drinking-water-services-%28-%29,2014,2014,2014,AFR,Africa,GHA,Ghana,RESIDENCEAREATYPE,RESIDENCEAREATYPE_URB,Urban,50.30152,50,,
WSH_SANITATION_SAFELY_MANAGED,Population using safely managed sanitation services (%),https://www.who.int/data/gho/data/indicators/indicator-details/GHO/population-using-safely-managed-sanitation-services-%28-%29,2015,2015,2015,AFR,Africa,GHA,Ghana,RESIDENCEAREATYPE,RESIDENCEAREATYPE_TOTL,Total,11.73987,12,,
WSH_SANITATION_BASIC,Population using at least basic sanitation services (%),https://www.who.int/data/gho/data/indicators/indicator-details/GHO/population-using-at-least-basic-sanitation-services-%28-%29,2015,2015,2015,AFR,Africa,GHA,Ghana,RESIDENCEAREATYPE,RESIDENCEAREATYPE_RUR,Rural,13.84853,14,,
WSH_WATER_SAFELY_MANAGED,Population using safely managed drinking-water services (%),https://www.who.int/data/gho/data/indicators/indicator-details/GHO/population-using-safely-managed-drinking-water-services-%28-%29,2013,2013,2013,AFR,Africa,GHA,Ghana,RESIDENCEAREATYPE,RESIDENCEAREATYPE_RUR,Rural,8.97029,9,,
WSH_WATER_SAFELY_MANAGED,Population using safely managed drinking-water services (%),https://www.who.int/data/gho/data/indicators/indicator-details/GHO/population-using-safely-managed-drinking-water-services-%28-%29,2008,2008,2008,AFR,Africa,GHA,Ghana,RESIDENCEAREATYPE,RESIDENCEAREATYPE_TOTL,Total,21.7173,22,,
WSH_SANITATION_SAFELY_MANAGED,Population using safely managed sanitation services (%),https://www.who.int/data/gho/data/indicators/indicator-details/GHO/population-using-safely-managed-sanitation-services-%28-%29,2004,2004,2004,AFR,Africa,GHA,Ghana,RESIDENCEAREATYPE,RESIDENCEAREATYPE_TOTL,Total,5.3345,5,,
WSH_SANITATION_BASIC,Population using at least basic sanitation services (%),https://www.who.int/data/gho/data/indicators/indicator-details/GHO/population-using-at-least-basic-sanitation-services-%28-%29,2014,2014,2014,AFR,Africa,GHA,Ghana,RESIDENCEAREATYPE,RESIDENCEAREATYPE_TOTL,Total,19.28711,19,,
WSH_WATER_SAFELY_MANAGED,Population using safely managed drinking-water services (%),https://www.who.int/data/gho/data/indicators/indicator-details/GHO/population-using-safely-managed-drinking-water-services-%28-%29,2006,2006,2006,AFR,Africa,GHA,Ghana,RESIDENCEAREATYPE,RESIDENCEAREATYPE_URB,Urban,36.08521,36,,
WSH_SANITATION_BASIC,Population using at least basic sanitation services (%),https://www.who.int/data/gho/data/indicators/indicator-details/GHO/population-using-at-least-basic-sanitation-services-%28-%29,2004,2004,2004,AFR,Africa,GHA,Ghana,RESIDENCEAREATYPE,RESIDENCEAREATYPE_TOTL,Total,9.05995,9,,
WSH_SANITATION_SAFELY_MANAGED,Population using safely managed sanitation services (%),https://www.who.int/data/gho/data/indicators/indicator-details/GHO/population-using-safely-managed-sanitation-services-%28-%29,2002,2002,2002,AFR,Africa,GHA,Ghana,RESIDENCEAREATYPE,RESIDENCEAREATYPE_RUR,Rural,2.46017,2,,
WSH_WATER_SAFELY_MANAGED,Population using safely managed drinking-water services (%),https://www.who.int/data/gho/data/indicators/indicator-details/GHO/population-using-safely-managed-drinking-water-services-%28-%29,2017,2017,2017,AFR,Africa,GHA,Ghana,RESIDENCEAREATYPE,RESIDENCEAREATYPE_RUR,Rural,13.11336,13,,
WSH_SANITATION_SAFELY_MANAGED,Population using safely managed sanitation services (%),https://www.who.int/data/gho/data/indicators/indicator-details/GHO/population-using-safely-managed-sanitation-services-%28-%29,2018,2018,2018,AFR,Africa,GHA,Ghana,RESIDENCEAREATYPE,RESIDENCEAREATYPE_URB,Urban,12.6895,13,,
WSH_WATER_SAFELY_MANAGED,Population using safely managed drinking-water services (%),https://www.who.int/data/gho/data/indicators/indicator-details/GHO/population-using-safely-managed-drinking-water-services-%28-%29,2001,2001,2001,AFR,Africa,GHA,Ghana,RESIDENCEAREATYPE,RESIDENCEAREATYPE_URB,Urban,27.66708,28,,
WSH_WATER_SAFELY_MANAGED,Population using safely managed drinking-water services (%),https://www.who.int/data/gho/data/indicators/indicator-details/GHO/population-using-safely-managed-drinking-water-services-%28-%29,2013,2013,2013,AFR,Africa,GHA,Ghana,RESIDENCEAREATYPE,RESIDENCEAREATYPE_URB,Urban,48.47418,48,,
WSH_SANITATION_SAFELY_MANAGED,Population using safely managed sanitation services (%),https://www.who.int/data/gho/data/indicators/indicator-details/GHO/population-using-safely-managed-sanitation-services-%28-%29,2006,2006,2006,AFR,Africa,GHA,Ghana,RESIDENCEAREATYPE,RESIDENCEAREATYPE_TOTL,Total,6.47339,6,,
SDGODAWS,Amount of water- and sanitation-related official development assistance that is part of a government-coordinated spending plan (constant 2023 US$ millions),https://www.who.int/data/gho/data/indicators/indicator-details/GHO/amount-of-water--and-sanitation-related-official-development-assistance-that-is-part-of-a-government-coordinated-spending-plan,2016,2016,2016,AFR,Africa,GHA,Ghana,,,,120.7924,120.8,,
WSH_SANITATION_SAFELY_MANAGED,Population using safely managed sanitation services (%),https://www.who.int/data/gho/data/indicators/indicator-details/GHO/population-using-safely-managed-sanitation-services-%28-%29,2001,2001,2001,AFR,Africa,GHA,Ghana,RESIDENCEAREATYPE,RESIDENCEAREATYPE_TOTL,Total,3.66658,4,,
WSH_SANITATION_SAFELY_MANAGED,Population using safely managed sanitation services (%),https://www.who.int/data/gho/data/indicators/indicator-details/GHO/population-using-safely-managed-sanitation-services-%28-%29,2016,2016,2016,AFR,Africa,GHA,Ghana,RESIDENCEAREATYPE,RESIDENCEAREATYPE_TOTL,Total,12.32939,12,,
WSH_SANITATION_BASIC,Population using at least basic sanitation services (%),https://www.who.int/data/gho/data/indicators/indicator-details/GHO/population-using-at-least-basic-sanitation-services-%28-%29,2009,2009,2009,AFR,Africa,GHA,Ghana,RESIDENCEAREATYPE,RESIDENCEAREATYPE_URB,Urban,19.61149,20,,
WSH_WATER_SAFELY_MANAGED,Population using safely managed drinking-water services (%),https://www.who.int/data/gho/data/indicators/indicator-details/GHO/population-using-safely-managed-drinking-water-services-%28-%29,2003,2003,2003,AFR,Africa,GHA,Ghana,RESIDENCEAREATYPE,RESIDENCEAREATYPE_RUR,Rural,0.31496,0,,
WSH_WATER_SAFELY_MANAGED,Population using safely managed drinking-water services (%),https://www.who.int/data/gho/data/indicators/indicator-details/GHO/population-using-safely-managed-drinking-water-services-%28-%29,2021,2021,2021,AFR,Africa,GHA,Ghana,RESIDENCEAREATYPE,RESIDENCEAREATYPE_URB,Urban,62.40283,62,,
WSH_SANITATION_BASIC,Population using at least basic sanitation services (%),https://www.who.int/data/gho/data/indicators/indicator-details/GHO/population-using-at-least-basic-sanitation-services-%28-%29,2011,2011,2011,AFR,Africa,GHA,Ghana,RESIDENCEAREATYPE,RESIDENCEAREATYPE_TOTL,Total,16.04046,16,,
WSH_SANITATION_BASIC,Population using at least basic sanitation services (%),https://www.who.int/data/gho/data/indicators/indicator-details/GHO/population-using-at-least-basic-sanitation-services-%28-%29,2004,2004,2004,AFR,Africa,GHA,Ghana,RESIDENCEAREATYPE,RESIDENCEAREATYPE_RUR,Rural,4.30672,4,,
WSH_WATER_SAFELY_MANAGED,Population using safely managed drinking-water services (%),https://www.who.int/data/gho/data/indicators/indicator-details/GHO/population-using-safely-managed-drinking-water-services-%28-%29,2015,2015,2015,AFR,Africa,GHA,Ghana,RESIDENCEAREATYPE,RESIDENCEAREATYPE_TOTL,Total,33.2496,33,,
WSH_WATER_SAFELY_MANAGED,Population using safely managed drinking-water services (%),https://www.who.int/data/gho/data/indicators/indicator-details/GHO/population-using-safely-managed-drinking-water-services-%28-%29,2007,2007,2007,AFR,Africa,GHA,Ghana,RESIDENCEAREATYPE,RESIDENCEAREATYPE_URB,Urban,37.81194,38,,
WSH_SANITATION_SAFELY_MANAGED,Population using safely managed sanitation services (%),https://www.who.int/data/gho/data/indicators/indicator-details/GHO/population-using-safely-managed-sanitation-services-%28-%29,2019,2019,2019,AFR,Africa,GHA,Ghana,RESIDENCEAREATYPE,RESIDENCEAREATYPE_RUR,Rural,15.4716,15,,
WSH_WATER_SAFELY_MANAGED,Population using safely managed drinking-water services (%),https://www.who.int/data/gho/data/indicators/indicator-details/GHO/population-using-safely-managed-drinking-water-services-%28-%29,2003,2003,2003,AFR,Africa,GHA,Ghana,RESIDENCEAREATYPE,RESIDENCEAREATYPE_URB,Urban,30.99122,31,,
WSH_SANITATION_BASIC,Population using at least basic sanitation services (%),https://www.who.int/data/gho/data/indicators/indicator-details/GHO/population-using-at-least-basic-sanitation-services-%28-%29,2006,2006,2006,AFR,Africa,GHA,Ghana,RESIDENCEAREATYPE,RESIDENCEAREATYPE_URB,Urban,16.52501,17,,
WSH_SANITATION_SAFELY_MANAGED,Population using safely managed sanitation services (%),https://www.who.int/data/gho/data/indicators/indicator-details/GHO/population-using-safely-managed-sanitation-services-%28-%29,2020,2020,2020,AFR,Africa,GHA,Ghana,RESIDENCEAREATYPE,RESIDENCEAREATYPE_URB,Urban,13.37919,13,,
WSH_SANITATION_SAFELY_MANAGED,Population using safely managed sanitation services (%),https://www.who.int/data/gho/data/indicators/indicator-details/GHO/population-using-safely-managed-sanitation-services-%28-%29,2010,2010,2010,AFR,Africa,GHA,Ghana,RESIDENCEAREATYPE,RESIDENCEAREATYPE_URB,Urban,9.69915,10,,
WSH_WATER_SAFELY_MANAGED,Population using safely managed drinking-water services (%),https://www.who.int/data/gho/data/indicators/indicator-details/GHO/population-using-safely-managed-drinking-water-services-%28-%29,2014,2014,2014,AFR,Africa,GHA,Ghana,RESIDENCEAREATYPE,RESIDENCEAREATYPE_TOTL,Total,31.5145,32,,
WSH_SANITATION_BASIC,Population using at least basic sanitation services (%),https://www.who.int/data/gho/data/indicators/indicator-details/GHO/population-using-at-least-basic-sanitation-services-%28-%29,2013,2013,2013,AFR,Africa,GHA,Ghana,RESIDENCEAREATYPE,RESIDENCEAREATYPE_RUR,Rural,11.905,12,,
WSH_SANITATION_BASIC,Population using at least basic sanitation services (%),https://www.who.int/data/gho/data/indicators/indicator-details/GHO/population-using-at-least-basic-sanitation-services-%28-%29,2010,2010,2010,AFR,Africa,GHA,Ghana,RESIDENCEAREATYPE,RESIDENCEAREATYPE_URB,Urban,20.65345,21,,
WSH_WATER_SAFELY_MANAGED,Population using safely managed drinking-water services (%),https://www.who.int/data/gho/data/indicators/indicator-details/GHO/population-using-safely-managed-drinking-water-services-%28-%29,2014,2014,2014,AFR,Africa,GHA,Ghana,RESIDENCEAREATYPE,RESIDENCEAREATYPE_RUR,Rural,9.96958,10,,
WSH_SANITATION_BASIC,Population using at least basic sanitation services (%),https://www.who.int/data/gho/data/indicators/indicator-details/GHO/population-using-at-least-basic-sanitation-services-%28-%29,2005,2005,2005,AFR,Africa,GHA,Ghana,RESIDENCEAREATYPE,RESIDENCEAREATYPE_RUR,Rural,5.05824,5,,
WSH_SANITATION_SAFELY_MANAGED,Population using safely managed sanitation services (%),https://www.who.int/data/gho/data/indicators/indicator-details/GHO/population-using-safely-managed-sanitation-services-%28-%29,2001,2001,2001,AFR,Africa,GHA,Ghana,RESIDENCEAREATYPE,RESIDENCEAREATYPE_URB,Urban,5.89217,6,,
WSH_SANITATION_SAFELY_MANAGED,Population using safely managed sanitation services (%),https://www.who.int/data/gho/data/indicators/indicator-details/GHO/population-using-safely-managed-sanitation-services-%28-%29,2003,2003,2003,AFR,Africa,GHA,Ghana,RESIDENCEAREATYPE,RESIDENCEAREATYPE_URB,Urban,6.77868,7,,
WSH_WATER_SAFELY_MANAGED,Population using safely managed drinking-water services (%),https://www.who.int/data/gho/data/indicators/indicator-details/GHO/population-using-safely-managed-drinking-water-services-%28-%29,2016,2016,2016,AFR,Africa,GHA,Ghana,RESIDENCEAREATYPE,RESIDENCEAREATYPE_URB,Urban,53.99932,54,,
WSH_SANITATION_BASIC,Population using at least basic sanitation services (%),https://www.who.int/data/gho/data/indicators/indicator-details/GHO/population-using-at-least-basic-sanitation-services-%28-%29,2017,2017,2017,AFR,Africa,GHA,Ghana,RESIDENCEAREATYPE,RESIDENCEAREATYPE_TOTL,Total,22.67011,23,,
WSH_SANITATION_SAFELY_MANAGED,Population using safely managed sanitation services (%),https://www.who.int/data/gho/data/indicators/indicator-details/GHO/population-using-safely-managed-sanitation-services-%28-%29,2014,2014,2014,AFR,Africa,GHA,Ghana,RESIDENCEAREATYPE,RESIDENCEAREATYPE_RUR,Rural,11.04591,11,,
WSH_WATER_SAFELY_MANAGED,Population using safely managed drinking-water services (%),https://www.who.int/data/gho/data/indicators/indicator-details/GHO/population-using-safely-managed-drinking-water-services-%28-%29,2012,2012,2012,AFR,Africa,GHA,Ghana,RESIDENCEAREATYPE,RESIDENCEAREATYPE_TOTL,Total,28.12981,28,,
WSH_SANITATION_BASIC,Population using at least basic sanitation services (%),https://www.who.int/data/gho/data/indicators/indicator-details/GHO/population-using-at-least-basic-sanitation-services-%28-%29,2010,2010,2010,AFR,Africa,GHA,Ghana,RESIDENCEAREATYPE,RESIDENCEAREATYPE_TOTL,Total,14.99044,15,,
WSH_WATER_SAFELY_MANAGED,Population using safely managed drinking-water services (%),https://www.who.int/data/gho/data/indicators/indicator-details/GHO/population-using-safely-managed-drinking-water-services-%28-%29,2002,2002,2002,AFR,Africa,GHA,Ghana,RESIDENCEAREATYPE,RESIDENCEAREATYPE_URB,Urban,29.32197,29,,
WSH_WATER_SAFELY_MANAGED,Population using safely managed drinking-water services (%),https://www.who.int/data/gho/data/indicators/indicator-details/GHO/population-using-safely-managed-drinking-water-services-%28-%29,2012,2012,2012,AFR,Africa,GHA,Ghana,RESIDENCEAREATYPE,RESIDENCEAREATYPE_URB,Urban,46.66121,47,,
WSH_SANITATION_BASIC,Population using at least basic sanitation services (%),https://www.who.int/data/gho/data/indicators/indicator-details/GHO/population-using-at-least-basic-sanitation-services-%28-%29,2002,2002,2002,AFR,Africa,GHA,Ghana,RESIDENCEAREATYPE,RESIDENCEAREATYPE_URB,Urban,12.50168,13,,
WSH_SANITATION_SAFELY_MANAGED,Population using safely managed sanitation services (%),https://www.who.int/data/gho/data/indicators/indicator-details/GHO/population-using-safely-managed-sanitation-services-%28-%29,2019,2019,2019,AFR,Africa,GHA,Ghana,RESIDENCEAREATYPE,RESIDENCEAREATYPE_URB,Urban,13.03724,13,,
WSH_SANITATION_SAFELY_MANAGED,Population using safely managed sanitation services (%),https://www.who.int/data/gho/data/indicators/indicator-details/GHO/population-using-safely-managed-sanitation-services-%28-%29,2016,2016,2016,AFR,Africa,GHA,Ghana,RESIDENCEAREATYPE,RESIDENCEAREATYPE_RUR,Rural,12.75619,13,,
WSH_WATER_SAFELY_MANAGED,Population using safely managed drinking-water services (%),https://www.who.int/data/gho/data/indicators/indicator-details/GHO/population-using-safely-managed-drinking-water-services-%28-%29,2004,2004,2004,AFR,Africa,GHA,Ghana,RESIDENCEAREATYPE,RESIDENCEAREATYPE_RUR,Rural,1.07106,1,,
WSH_SANITATION_BASIC,Population using at least basic sanitation services (%),https://www.who.int/data/gho/data/indicators/indicator-details/GHO/population-using-at-least-basic-sanitation-services-%28-%29,2014,2014,2014,AFR,Africa,GHA,Ghana,RESIDENCEAREATYPE,RESIDENCEAREATYPE_RUR,Rural,12.86518,13,,
WSH_SANITATION_SAFELY_MANAGED,Population using safely managed sanitation services (%),https://www.who.int/data/gho/data/indicators/indicator-details/GHO/population-using-safely-managed-sanitation-services-%28-%29,2007,2007,2007,AFR,Africa,GHA,Ghana,RESIDENCEAREATYPE,RESIDENCEAREATYPE_TOTL,Total,7.04896,7,,
WSH_WATER_SAFELY_MANAGED,Population using safely managed drinking-water services (%),https://www.who.int/data/gho/data/indicators/indicator-details/GHO/population-using-safely-managed-drinking-water-services-%28-%29,2005,2005,2005,AFR,Africa,GHA,Ghana,RESIDENCEAREATYPE,RESIDENCEAREATYPE_TOTL,Total,17.23668,17,,
WSH_WATER_SAFELY_MANAGED,Population using safely managed drinking-water services (%),https://www.who.int/data/gho/data/indicators/indicator-details/GHO/population-using-safely-managed-drinking-water-services-%28-%29,2019,2019,2019,AFR,Africa,GHA,Ghana,RESIDENCEAREATYPE,RESIDENCEAREATYPE_URB,Urban,59.6538,60,,
WSH_WATER_SAFELY_MANAGED,Population using safely managed drinking-water services (%),https://www.who.int/data/gho/data/indicators/indicator-details/GHO/population-using-safely-managed-drinking-water-services-%28-%29,2007,2007,2007,AFR,Africa,GHA,Ghana,RESIDENCEAREATYPE,RESIDENCEAREATYPE_RUR,Rural,3.48526,3,,
WSH_SANITATION_SAFELY_MANAGED,Population using safely managed sanitation services (%),https://www.who.int/data/gho/data/indicators/indicator-details/GHO/population-using-safely-managed-sanitation-services-%28-%29,2007,2007,2007,AFR,Africa,GHA,Ghana,RESIDENCEAREATYPE,RESIDENCEAREATYPE_RUR,Rural,5.69,6,,
WSH_SANITATION_SAFELY_MANAGED,Population using safely managed sanitation services (%),https://www.who.int/data/gho/data/indicators/indicator-details/GHO/population-using-safely-managed-sanitation-services-%28-%29,2000,2000,2000,AFR,Africa,GHA,Ghana,RESIDENCEAREATYPE,RESIDENCEAREATYPE_RUR,Rural,1.83881,2,,
WSH_WATER_SAFELY_MANAGED,Population using safely managed drinking-water services (%),https://www.who.int/data/gho/data/indicators/indicator-details/GHO/population-using-safely-managed-drinking-water-services-%28-%29,2002,2002,2002,AFR,Africa,GHA,Ghana,RESIDENCEAREATYPE,RESIDENCEAREATYPE_TOTL,Total,13.27552,13,,
WSH_WATER_SAFELY_MANAGED,Population using safely managed drinking-water services (%),https://www.who.int/data/gho/data/indicators/indicator-details/GHO/population-using-safely-managed-drinking-water-services-%28-%29,2005,2005,2005,AFR,Africa,GHA,Ghana,RESIDENCEAREATYPE,RESIDENCEAREATYPE_RUR,Rural,1.85147,2,,
WSH_SANITATION_BASIC,Population using at least basic sanitation services (%),https://www.who.int/data/gho/data/indicators/indicator-details/GHO/population-using-at-least-basic-sanitation-services-%28-%29,2020,2020,2020,AFR,Africa,GHA,Ghana,RESIDENCEAREATYPE,RESIDENCEAREATYPE_TOTL,Total,26.1792,26,,
WSH_SANITATION_BASIC,Population using at least basic sanitation services (%),https://www.who.int/data/gho/data/indicators/indicator-details/GHO/population-using-at-least-basic-sanitation-services-%28-%29,2000,2000,2000,AFR,Africa,GHA,Ghana,RESIDENCEAREATYPE,RESIDENCEAREATYPE_URB,Urban,11.4723,11,,
SDGODAWS,Amount of water- and sanitation-related official development assistance that is part of a government-coordinated spending plan (constant 2023 US$ millions),https://www.who.int/data/gho/data/indicators/indicator-details/GHO/amount-of-water--and-sanitation-related-official-development-assistance-that-is-part-of-a-government-coordinated-spending-plan,2023,2023,2023,AFR,Africa,GHA,Ghana,,,,87.4613,87.5,,
WSH_SANITATION_SAFELY_MANAGED,Population using safely managed sanitation services (%),https://www.who.int/data/gho/data/indicators/indicator-details/GHO/population-using-safely-managed-sanitation-services-%28-%29,2013,2013,2013,AFR,Africa,GHA,Ghana,RESIDENCEAREATYPE,RESIDENCEAREATYPE_TOTL,Total,10.56004,11,,
WSH_WATER_SAFELY_MANAGED,Population using safely managed drinking-water services (%),https://www.who.int/data/gho/data/indicators/indicator-details/GHO/population-using-safely-managed-drinking-water-services-%28-%29,2006,2006,2006,AFR,Africa,GHA,Ghana,RESIDENCEAREATYPE,RESIDENCEAREATYPE_RUR,Rural,2.65621,3,,
WSH_SANITATION_BASIC,Population using at least basic sanitation services (%),https://www.who.int/data/gho/data/indicators/indicator-details/GHO/population-using-at-least-basic-sanitation-services-%28-%29,2012,2012,2012,AFR,Africa,GHA,Ghana,RESIDENCEAREATYPE,RESIDENCEAREATYPE_TOTL,Total,17.10693,17,,
WSH_SANITATION_BASIC,Population using at least basic sanitation services (%),https://www.who.int/data/gho/data/indicators/indicator-details/GHO/population-using-at-least-basic-sanitation-services-%28-%29,2001,2001,2001,AFR,Africa,GHA,Ghana,RESIDENCEAREATYPE,RESIDENCEAREATYPE_RUR,Rural,2.19128,2,,
WSH_WATER_SAFELY_MANAGED,Population using safely managed drinking-water services (%),https://www.who.int/data/gho/data/indicators/indicator-details/GHO/population-using-safely-managed-drinking-water-services-%28-%29,2020,2020,2020,AFR,Africa,GHA,Ghana,RESIDENCEAREATYPE,RESIDENCEAREATYPE_RUR,Rural,16.47602,16,,
WSH_WATER_SAFELY_MANAGED,Population using safely managed drinking-water services (%),https://www.who.int/data/gho/data/indicators/indicator-details/GHO/population-using-safely-managed-drinking-water-services-%28-%29,2004,2004,2004,AFR,Africa,GHA,Ghana,RESIDENCEAREATYPE,RESIDENCEAREATYPE_URB,Urban,32.67484,33,,
WSH_SANITATION_BASIC,Population using at least basic sanitation services (%),https://www.who.int/data/gho/data/indicators/indicator-details/GHO/population-using-at-least-basic-sanitation-services-%28-%29,2003,2003,2003,AFR,Africa,GHA,Ghana,RESIDENCEAREATYPE,RESIDENCEAREATYPE_URB,Urban,13.49766,13,,
WSH_SANITATION_SAFELY_MANAGED,Population using safely managed sanitation services (%),https://www.who.int/data/gho/data/indicators/indicator-details/GHO/population-using-safely-managed-sanitation-services-%28-%29,2007,2007,2007,AFR,Africa,GHA,Ghana,RESIDENCEAREATYPE,RESIDENCEAREATYPE_URB,Urban,8.48226,8,,
WSH_SANITATION_SAFELY_MANAGED,Population using safely managed sanitation services (%),https://www.who.int/data/gho/data/indicators/indicator-details/GHO/population-using-safely-managed-sanitation-services-%28-%29,2019,2019,2019,AFR,Africa,GHA,Ghana,RESIDENCEAREATYPE,RESIDENCEAREATYPE_TOTL,Total,14.09115,14,,
WSH_SANITATION_SAFELY_MANAGED,Population using safely managed sanitation services (%),https://www.who.int/data/gho/data/indicators/indicator-details/GHO/population-using-safely-managed-sanitation-services-%28-%29,2004,2004,2004,AFR,Africa,GHA,Ghana,RESIDENCEAREATYPE,RESIDENCEAREATYPE_URB,Urban,7.21326,7,,
WSH_SANITATION_SAFELY_MANAGED,Population using safely managed sanitation services (%),https://www.who.int/data/gho/data/indicators/indicator-details/GHO/population-using-safely-managed-sanitation-services-%28-%29,2018,2018,2018,AFR,Africa,GHA,Ghana,RESIDENCEAREATYPE,RESIDENCEAREATYPE_RUR,Rural,14.54646,15,,
WSH_SANITATION_BASIC,Population using at least basic sanitation services (%),https://www.who.int/data/gho/data/indicators/indicator-details/GHO/population-using-at-least-basic-sanitation-services-%28-%29,2002,2002,2002,AFR,Africa,GHA,Ghana,RESIDENCEAREATYPE,RESIDENCEAREATYPE_RUR,Rural,2.87324,3,,
WSH_WATER_SAFELY_MANAGED,Population using safely managed drinking-water services (%),https://www.who.int/data/gho/data/indicators/indicator-details/GHO/population-using-safely-managed-drinking-water-services-%28-%29,2009,2009,2009,AFR,Africa,GHA,Ghana,RESIDENCEAREATYPE,RESIDENCEAREATYPE_RUR,Rural,5.21633,5,,
WSH_SANITATION_BASIC,Population using at least basic sanitation services (%),https://www.who.int/data/gho/data/indicators/indicator-details/GHO/population-using-at-least-basic-sanitation-services-%28-%29,2020,2020,2020,AFR,Africa,GHA,Ghana,RESIDENCEAREATYPE,RESIDENCEAREATYPE_URB,Urban,31.43434,31,,
WSH_WATER_SAFELY_MANAGED,Population using safely managed drinking-water services (%),https://www.who.int/data/gho/data/indicators/indicator-details/GHO/population-using-safely-managed-drinking-water-services-%28-%29,2010,2010,2010,AFR,Africa,GHA,Ghana,RESIDENCEAREATYPE,RESIDENCEAREATYPE_TOTL,Total,24.86189,25,,
WSH_SANITATION_BASIC,Population using at least basic sanitation services (%),https://www.who.int/data/gho/data/indicators/indicator-details/GHO/population-using-at-least-basic-sanitation-services-%28-%29,2001,2001,2001,AFR,Africa,GHA,Ghana,RESIDENCEAREATYPE,RESIDENCEAREATYPE_TOTL,Total,6.34853,6,,
WSH_WATER_SAFELY_MANAGED,Population using safely managed drinking-water services (%),https://www.who.int/data/gho/data/indicators/indicator-details/GHO/population-using-safely-managed-drinking-water-services-%28-%29,2004,2004,2004,AFR,Africa,GHA,Ghana,RESIDENCEAREATYPE,RESIDENCEAREATYPE_TOTL,Total,15.8079,16,,
WSH_SANITATION_BASIC,Population using at least basic sanitation services (%),https://www.who.int/data/gho/data/indicators/indicator-details/GHO/population-using-at-least-basic-sanitation-services-%28-%29,2001,2001,2001,AFR,Africa,GHA,Ghana,RESIDENCEAREATYPE,RESIDENCEAREATYPE_URB,Urban,11.51226,12,,
WSH_SANITATION_BASIC,Population using at least basic sanitation services (%),https://www.who.int/data/gho/data/indicators/indicator-details/GHO/population-using-at-least-basic-sanitation-services-%28-%29,2003,2003,2003,AFR,Africa,GHA,Ghana,RESIDENCEAREATYPE,RESIDENCEAREATYPE_TOTL,Total,8.13639,8,,
WSH_SANITATION_BASIC,Population using at least basic sanitation services (%),https://www.who.int/data/gho/data/indicators/indicator-details/GHO/population-using-at-least-basic-sanitation-services-%28-%29,2017,2017,2017,AFR,Africa,GHA,Ghana,RESIDENCEAREATYPE,RESIDENCEAREATYPE_URB,Urban,28.1311,28,,
WSH_SANITATION_SAFELY_MANAGED,Population using safely managed sanitation services (%),https://www.who.int/data/gho/data/indicators/indicator-details/GHO/population-using-safely-managed-sanitation-services-%28-%29,2017,2017,2017,AFR,Africa,GHA,Ghana,RESIDENCEAREATYPE,RESIDENCEAREATYPE_URB,Urban,12.33596,12,,
WSH_SANITATION_SAFELY_MANAGED,Population using safely managed sanitation services (%),https://www.who.int/data/gho/data/indicators/indicator-details/GHO/population-using-safely-managed-sanitation-services-%28-%29,2020,2020,2020,AFR,Africa,GHA,Ghana,RESIDENCEAREATYPE,RESIDENCEAREATYPE_RUR,Rural,16.41674,16,,
WSH_SANITATION_BASIC,Population using at least basic sanitation services (%),https://www.who.int/data/gho/data/indicators/indicator-details/GHO/population-using-at-least-basic-sanitation-services-%28-%29,2022,2022,2022,AFR,Africa,GHA,Ghana,RESIDENCEAREATYPE,RESIDENCEAREATYPE_TOTL,Total,28.58389,29,,
WSH_WATER_SAFELY_MANAGED,Population using safely managed drinking-water services (%),https://www.who.int/data/gho/data/indicators/indicator-details/GHO/population-using-safely-managed-drinking-water-services-%28-%29,2001,2001,2001,AFR,Africa,GHA,Ghana,RESIDENCEAREATYPE,RESIDENCEAREATYPE_TOTL,Total,12.3398,12,,
WSH_SANITATION_SAFELY_MANAGED,Population using safely managed sanitation services (%),https://www.who.int/data/gho/data/indicators/indicator-details/GHO/population-using-safely-managed-sanitation-services-%28-%29,2011,2011,2011,AFR,Africa,GHA,Ghana,RESIDENCEAREATYPE,RESIDENCEAREATYPE_TOTL,Total,9.38225,9,,
WSH_SANITATION_SAFELY_MANAGED,Population using safely managed sanitation services (%),https://www.who.int/data/gho/data/indicators/indicator-details/GHO/population-using-safely-managed-sanitation-services-%28-%29,2008,2008,2008,AFR,Africa,GHA,Ghana,RESIDENCEAREATYPE,RESIDENCEAREATYPE_URB,Urban,8.89368,9,,
WSH_SANITATION_SAFELY_MANAGED,Population using safely managed sanitation services (%),https://www.who.int/data/gho/data/indicators/indicator-details/GHO/population-using-safely-managed-sanitation-services-%28-%29,2022,2022,2022,AFR,Africa,GHA,Ghana,RESIDENCEAREATYPE,RESIDENCEAREATYPE_RUR,Rural,18.36702,18,,
WSH_SANITATION_BASIC,Population using at least basic sanitation services (%),https://www.who.int/data/gho/data/indicators/indicator-details/GHO/population-using-at-least-basic-sanitation-services-%28-%29,2008,2008,2008,AFR,Africa,GHA,Ghana,RESIDENCEAREATYPE,RESIDENCEAREATYPE_TOTL,Total,12.9418,13,,
WSH_DOMESTIC_WASTE_SAFELY_TREATED,SDG 6.3.1 Proportion of safely treated domestic wastewater flows (%),https://www.who.int/data/gho/data/indicators/indicator-details/GHO/WSH_DOMESTIC_WASTE_SAFELY_TREATED,2020,2020,2020,AFR,Africa,GHA,Ghana,,,,12.12577,12.1,,
WSH_SANITATION_BASIC,Population using at least basic sanitation services (%),https://www.who.int/data/gho/data/indicators/indicator-details/GHO/population-using-at-least-basic-sanitation-services-%28-%29,2021,2021,2021,AFR,Africa,GHA,Ghana,RESIDENCEAREATYPE,RESIDENCEAREATYPE_URB,Urban,32.54855,33,,
WSH_SANITATION_SAFELY_MANAGED,Population using safely managed sanitation services (%),https://www.who.int/data/gho/data/indicators/indicator-details/GHO/population-using-safely-managed-sanitation-services-%28-%29,2021,2021,2021,AFR,Africa,GHA,Ghana,RESIDENCEAREATYPE,RESIDENCEAREATYPE_TOTL,Total,15.25585,15,,
WSH_DOMESTIC_WASTE_SAFELY_TREATED,SDG 6.3.1 Proportion of safely treated domestic wastewater flows (%),https://www.who.int/data/gho/data/indicators/indicator-details/GHO/WSH_DOMESTIC_WASTE_SAFELY_TREATED,2024,2024,2024,AFR,Africa,GHA,Ghana,,,,15.5425539,15.5,,
WSH_SANITATION_BASIC,Population using at least basic sanitation services (%),https://www.who.int/data/gho/data/indicators/indicator-details/GHO/population-using-at-least-basic-sanitation-services-%28-%29,2009,2009,2009,AFR,Africa,GHA,Ghana,RESIDENCEAREATYPE,RESIDENCEAREATYPE_RUR,Rural,8.29615,8,,
WSH_WATER_SAFELY_MANAGED,Population using safely managed drinking-water services (%),https://www.who.int/data/gho/data/indicators/indicator-details/GHO/population-using-safely-managed-drinking-water-services-%28-%29,2021,2021,2021,AFR,Africa,GHA,Ghana,RESIDENCEAREATYPE,RESIDENCEAREATYPE_TOTL,Total,43.59806,44,,
WSH_SANITATION_SAFELY_MANAGED,Population using safely managed sanitation services (%),https://www.who.int/data/gho/data/indicators/indicator-details/GHO/population-using-safely-managed-sanitation-services-%28-%29,2009,2009,2009,AFR,Africa,GHA,Ghana,RESIDENCEAREATYPE,RESIDENCEAREATYPE_RUR,Rural,7.12025,7,,
WSH_WATER_SAFELY_MANAGED,Population using safely managed drinking-water services (%),https://www.who.int/data/gho/data/indicators/indicator-details/GHO/population-using-safely-managed-drinking-water-services-%28-%29,2006,2006,2006,AFR,Africa,GHA,Ghana,RESIDENCEAREATYPE,RESIDENCEAREATYPE_TOTL,Total,18.69811,19,,
WSH_SANITATION_BASIC,Population using at least basic sanitation services (%),https://www.who.int/data/gho/data/indicators/indicator-details/GHO/population-using-at-least-basic-sanitation-services-%28-%29,2005,2005,2005,AFR,Africa,GHA,Ghana,RESIDENCEAREATYPE,RESIDENCEAREATYPE_URB,Urban,15.50933,16,,
WSH_SANITATION_SAFELY_MANAGED,Population using safely managed sanitation services (%),https://www.who.int/data/gho/data/indicators/indicator-details/GHO/population-using-safely-managed-sanitation-services-%28-%29,2005,2005,2005,AFR,Africa,GHA,Ghana,RESIDENCEAREATYPE,RESIDENCEAREATYPE_TOTL,Total,5.902,6,,
WSH_SANITATION_BASIC,Population using at least basic sanitation services (%),https://www.who.int/data/gho/data/indicators/indicator-details/GHO/population-using-at-least-basic-sanitation-services-%28-%29,2020,2020,2020,AFR,Africa,GHA,Ghana,RESIDENCEAREATYPE,RESIDENCEAREATYPE_RUR,Rural,19.11308,19,,
WSH_WATER_SAFELY_MANAGED,Population using safely managed drinking-water services (%),https://www.who.int/data/gho/data/indicators/indicator-details/GHO/population-using-safely-managed-drinking-water-services-%28-%29,2016,2016,2016,AFR,Africa,GHA,Ghana,RESIDENCEAREATYPE,RESIDENCEAREATYPE_RUR,Rural,12.04112,12,,
WSH_SANITATION_SAFELY_MANAGED,Population using safely managed sanitation services (%),https://www.who.int/data/gho/data/indicators/indicator-details/GHO/population-using-safely-managed-sanitation-services-%28-%29,2011,2011,2011,AFR,Africa,GHA,Ghana,RESIDENCEAREATYPE,RESIDENCEAREATYPE_URB,Urban,10.0932,10,,
WSH_SANITATION_BASIC,Population using at least basic sanitation services (%),https://www.who.int/data/gho/data/indicators/indicator-details/GHO/population-using-at-least-basic-sanitation-services-%28-%29,2007,2007,2007,AFR,Africa,GHA,Ghana,RESIDENCEAREATYPE,RESIDENCEAREATYPE_TOTL,Total,11.94375,12,,
WSH_SANITATION_SAFELY_MANAGED,Population using safely managed sanitation services (%),https://www.who.int/data/gho/data/indicators/indicator-details/GHO/population-using-safely-managed-sanitation-services-%28-%29,2002,2002,2002,AFR,Africa,GHA,Ghana,RESIDENCEAREATYPE,RESIDENCEAREATYPE_TOTL,Total,4.216,4,,
WSH_WATER_SAFELY_MANAGED,Population using safely managed drinking-water services (%),https://www.who.int/data/gho/data/indicators/indicator-details/GHO/population-using-safely-managed-drinking-water-services-%28-%29,2022,2022,2022,AFR,Africa,GHA,Ghana,RESIDENCEAREATYPE,RESIDENCEAREATYPE_TOTL,Total,44.46808,44,,
WSH_WATER_SAFELY_MANAGED,Population using safely managed drinking-water services (%),https://www.who.int/data/gho/data/indicators/indicator-details/GHO/population-using-safely-managed-drinking-water-services-%28-%29,2008,2008,2008,AFR,Africa,GHA,Ghana,RESIDENCEAREATYPE,RESIDENCEAREATYPE_RUR,Rural,4.33863,4,,
WSH_SANITATION_SAFELY_MANAGED,Population using safely managed sanitation services (%),https://www.who.int/data/gho/data/indicators/indicator-details/GHO/population-using-safely-managed-sanitation-services-%28-%29,2013,2013,2013,AFR,Africa,GHA,Ghana,RESIDENCEAREATYPE,RESIDENCEAREATYPE_RUR,Rural,10.22078,10,,
WSH_WATER_SAFELY_MANAGED,Population using safely managed drinking-water services (%),https://www.who.int/data/gho/data/indicators/indicator-details/GHO/population-using-safely-managed-drinking-water-services-%28-%29,2000,2000,2000,AFR,Africa,GHA,Ghana,RESIDENCEAREATYPE,RESIDENCEAREATYPE_TOTL,Total,12.09629,12,,
WSH_SANITATION_SAFELY_MANAGED,Population using safely managed sanitation services (%),https://www.who.int/data/gho/data/indicators/indicator-details/GHO/population-using-safely-managed-sanitation-services-%28-%29,2001,2001,2001,AFR,Africa,GHA,Ghana,RESIDENCEAREATYPE,RESIDENCEAREATYPE_RUR,Rural,1.87479,2,,
WSH_SANITATION_BASIC,Population using at least basic sanitation services (%),https://www.who.int/data/gho/data/indicators/indicator-details/GHO/population-using-at-least-basic-sanitation-services-%28-%29,2010,2010,2010,AFR,Africa,GHA,Ghana,RESIDENCEAREATYPE,RESIDENCEAREATYPE_RUR,Rural,9.16359,9,,
WSH_SANITATION_BASIC,Population using at least basic sanitation services (%),https://www.who.int/data/gho/data/indicators/indicator-details/GHO/population-using-at-least-basic-sanitation-services-%28-%29,2018,2018,2018,AFR,Africa,GHA,Ghana,RESIDENCEAREATYPE,RESIDENCEAREATYPE_TOTL,Total,23.82631,24,,
WSH_SANITATION_BASIC,Population using at least basic sanitation services (%),https://www.who.int/data/gho/data/indicators/indicator-details/GHO/population-using-at-least-basic-sanitation-services-%28-%29,2009,2009,2009,AFR,Africa,GHA,Ghana,RESIDENCEAREATYPE,RESIDENCEAREATYPE_TOTL,Total,13.95733,14,,
WSH_WATER_SAFELY_MANAGED,Population using safely managed drinking-water services (%),https://www.who.int/data/gho/data/indicators/indicator-details/GHO/population-using-safely-managed-drinking-water-services-%28-%29,2000,2000,2000,AFR,Africa,GHA,Ghana,RESIDENCEAREATYPE,RESIDENCEAREATYPE_RUR,Rural,0.0,0,,
WSH_SANITATION_SAFELY_MANAGED,Population using safely managed sanitation services (%),https://www.who.int/data/gho/data/indicators/indicator-details/GHO/population-using-safely-managed-sanitation-services-%28-%29,2014,2014,2014,AFR,Africa,GHA,Ghana,RESIDENCEAREATYPE,RESIDENCEAREATYPE_URB,Urban,11.24063,11,,
WSH_WATER_SAFELY_MANAGED,Population using safely managed drinking-water services (%),https://www.who.int/data/gho/data/indicators/indicator-details/GHO/population-using-safely-managed-drinking-water-services-%28-%29,2022,2022,2022,AFR,Africa,GHA,Ghana,RESIDENCEAREATYPE,RESIDENCEAREATYPE_RUR,Rural,18.83939,19,,
WSH_SANITATION_BASIC,Population using at least basic sanitation services (%),https://www.who.int/data/gho/data/indicators/indicator-details/GHO/population-using-at-least-basic-sanitation-services-%28-%29,2016,2016,2016,AFR,Africa,GHA,Ghana,RESIDENCEAREATYPE,RESIDENCEAREATYPE_RUR,Rural,14.85508,15,,
WSH_SANITATION_SAFELY_MANAGED,Population using safely managed sanitation services (%),https://www.who.int/data/gho/data/indicators/indicator-details/GHO/population-using-safely-managed-sanitation-services-%28-%29,2012,2012,2012,AFR,Africa,GHA,Ghana,RESIDENCEAREATYPE,RESIDENCEAREATYPE_URB,Urban,10.48147,10,,
WSH_SANITATION_SAFELY_MANAGED,Population using safely managed sanitation services (%),https://www.who.int/data/gho/data/indicators/indicator-details/GHO/population-using-safely-managed-sanitation-services-%28-%29,2013,2013,2013,AFR,Africa,GHA,Ghana,RESIDENCEAREATYPE,RESIDENCEAREATYPE_URB,Urban,10.86395,11,,
WSH_WATER_SAFELY_MANAGED,Population using safely managed drinking-water services (%),https://www.who.int/data/gho/data/indicators/indicator-details/GHO/population-using-safely-managed-drinking-water-services-%28-%29,2009,2009,2009,AFR,Africa,GHA,Ghana,RESIDENCEAREATYPE,RESIDENCEAREATYPE_URB,Urban,41.30854,41,,
WSH_SANITATION_BASIC,Population using at least basic sanitation services (%),https://www.who.int/data/gho/data/indicators/indicator-details/GHO/population-using-at-least-basic-sanitation-services-%28-%29,2007,2007,2007,AFR,Africa,GHA,Ghana,RESIDENCEAREATYPE,RESIDENCEAREATYPE_URB,Urban,17.54727,18,,
WSH_SANITATION_SAFELY_MANAGED,Population using safely managed sanitation services (%),https://www.who.int/data/gho/data/indicators/indicator-details/GHO/population-using-safely-managed-sanitation-services-%28-%29,2005,2005,2005,AFR,Africa,GHA,Ghana,RESIDENCEAREATYPE,RESIDENCEAREATYPE_RUR,Rural,4.33974,4,,
WSH_WATER_SAFELY_MANAGED,Population using safely managed drinking-water services (%),https://www.who.int/data/gho/data/indicators/indicator-details/GHO/population-using-safely-managed-drinking-water-services-%28-%29,2007,2007,2007,AFR,Africa,GHA,Ghana,RESIDENCEAREATYPE,RESIDENCEAREATYPE_TOTL,Total,20.19171,20,,
WSH_SANITATION_BASIC,Population using at least basic sanitation services (%),https://www.who.int/data/gho/data/indicators/indicator-details/GHO/population-using-at-least-basic-sanitation-services-%28-%29,2022,2022,2022,AFR,Africa,GHA,Ghana,RESIDENCEAREATYPE,RESIDENCEAREATYPE_URB,Urban,33.66934,34,,
SDGODAWS,Amount of water- and sanitation-related official development assistance that is part of a government-coordinated spending plan (constant 2023 US$ millions),https://www.who.int/data/gho/data/indicators/indicator-details/GHO/amount-of-water--and-sanitation-related-official-development-assistance-that-is-part-of-a-government-coordinated-spending-plan,2014,2014,2014,AFR,Africa,GHA,Ghana,,,,100.8794,100.9,,
WSH_SANITATION_SAFELY_MANAGED,Population using safely managed sanitation services (%),https://www.who.int/data/gho/data/indicators/indicator-details/GHO/population-using-safely-managed-sanitation-services-%28-%29,2020,2020,2020,AFR,Africa,GHA,Ghana,RESIDENCEAREATYPE,RESIDENCEAREATYPE_TOTL,Total,14.67474,15,,
WSH_SANITATION_BASIC,Population using at least basic sanitation services (%),https://www.who.int/data/gho/data/indicators/indicator-details/GHO/population-using-at-least-basic-sanitation-services-%28-%29,2015,2015,2015,AFR,Africa,GHA,Ghana,RESIDENCEAREATYPE,RESIDENCEAREATYPE_TOTL,Total,20.40011,20,,
WSH_SANITATION_BASIC,Population using at least basic sanitation services (%),https://www.who.int/data/gho/data/indicators/indicator-details/GHO/population-using-at-least-basic-sanitation-services-%28-%29,2004,2004,2004,AFR,Africa,GHA,Ghana,RESIDENCEAREATYPE,RESIDENCEAREATYPE_URB,Urban,14.50021,15,,
WSH_SANITATION_BASIC,Population using at least basic sanitation services (%),https://www.who.int/data/gho/data/indicators/indicator-details/GHO/population-using-at-least-basic-sanitation-services-%28-%29,2018,2018,2018,AFR,Africa,GHA,Ghana,RESIDENCEAREATYPE,RESIDENCEAREATYPE_RUR,Rural,16.93771,17,,
WSH_WATER_SAFELY_MANAGED,Population using safely managed drinking-water services (%),https://www.who.int/data/gho/data/indicators/indicator-details/GHO/population-using-safely-managed-drinking-water-services-%28-%29,2018,2018,2018,AFR,Africa,GHA,Ghana,RESIDENCEAREATYPE,RESIDENCEAREATYPE_TOTL,Total,38.62107,39,,
WSH_SANITATION_SAFELY_MANAGED,Population using safely managed sanitation services (%),https://www.who.int/data/gho/data/indicators/indicator-details/GHO/population-using-safely-managed-sanitation-services-%28-%29,2010,2010,2010,AFR,Africa,GHA,Ghana,RESIDENCEAREATYPE,RESIDENCEAREATYPE_TOTL,Total,8.79534,9,,
WSH_WATER_SAFELY_MANAGED,Population using safely managed drinking-water services (%),https://www.who.int/data/gho/data/indicators/indicator-details/GHO/population-using-safely-managed-drinking-water-services-%28-%29,2003,2003,2003,AFR,Africa,GHA,Ghana,RESIDENCEAREATYPE,RESIDENCEAREATYPE_TOTL,Total,14.41101,14,,
WSH_SANITATION_SAFELY_MANAGED,Population using safely managed sanitation services (%),https://www.who.int/data/gho/data/indicators/indicator-details/GHO/population-using-safely-managed-sanitation-services-%28-%29,2006,2006,2006,AFR,Africa,GHA,Ghana,RESIDENCEAREATYPE,RESIDENCEAREATYPE_URB,Urban,8.06505,8,,
WSH_SANITATION_SAFELY_MANAGED,Population using safely managed sanitation services (%),https://www.who.int/data/gho/data/indicators/indicator-details/GHO/population-using-safely-managed-sanitation-services-%28-%29,2018,2018,2018,AFR,Africa,GHA,Ghana,RESIDENCEAREATYPE,RESIDENCEAREATYPE_TOTL,Total,13.50545,14,,
WSH_WATER_SAFELY_MANAGED,Population using safely managed drinking-water services (%),https://www.who.int/data/gho/data/indicators/indicator-details/GHO/population-using-safely-managed-drinking-water-services-%28-%29,2011,2011,2011,AFR,Africa,GHA,Ghana,RESIDENCEAREATYPE,RESIDENCEAREATYPE_URB,Urban,44.86262,45,,
WSH_SANITATION_BASIC,Population using at least basic sanitation services (%),https://www.who.int/data/gho/data/indicators/indicator-details/GHO/population-using-at-least-basic-sanitation-services-%28-%29,2013,2013,2013,AFR,Africa,GHA,Ghana,RESIDENCEAREATYPE,RESIDENCEAREATYPE_TOTL,Total,18.18926,18,,
WSH_SANITATION_BASIC,Population using at least basic sanitation services (%),https://www.who.int/data/gho/data/indicators/indicator-details/GHO/population-using-at-least-basic-sanitation-services-%28-%29,2019,2019,2019,AFR,Africa,GHA,Ghana,RESIDENCEAREATYPE,RESIDENCEAREATYPE_TOTL,Total,24.99607,25,,
WSH_SANITATION_BASIC,Population using at least basic sanitation services (%),https://www.who.int/data/gho/data/indicators/indicator-details/GHO/population-using-at-least-basic-sanitation-services-%28-%29,2019,2019,2019,AFR,Africa,GHA,Ghana,RESIDENCEAREATYPE,RESIDENCEAREATYPE_RUR,Rural,18.0138,18,,
WSH_WATER_SAFELY_MANAGED,Population using safely managed drinking-water services (%),https://www.who.int/data/gho/data/indicators/indicator-details/GHO/population-using-safely-managed-drinking-water-services-%28-%29,2005,2005,2005,AFR,Africa,GHA,Ghana,RESIDENCEAREATYPE,RESIDENCEAREATYPE_URB,Urban,34.37284,34,,
WSH_SANITATION_BASIC,Population using at least basic sanitation services (%),https://www.who.int/data/gho/data/indicators/indicator-details/GHO/population-using-at-least-basic-sanitation-services-%28-%29,2008,2008,2008,AFR,Africa,GHA,Ghana,RESIDENCEAREATYPE,RESIDENCEAREATYPE_RUR,Rural,7.4519,7,,
WSH_SANITATION_SAFELY_MANAGED,Population using safely managed sanitation services (%),https://www.who.int/data/gho/data/indicators/indicator-details/GHO/population-using-safely-managed-sanitation-services-%28-%29,2017,2017,2017,AFR,Africa,GHA,Ghana,RESIDENCEAREATYPE,RESIDENCEAREATYPE_RUR,Rural,13.64132,14,,
WSH_SANITATION_SAFELY_MANAGED,Population using safely managed sanitation services (%),https://www.who.int/data/gho/data/indicators/indicator-details/GHO/population-using-safely-managed-sanitation-services-%28-%29,2000,2000,2000,AFR,Africa,GHA,Ghana,RESIDENCEAREATYPE,RESIDENCEAREATYPE_TOTL,Total,3.60863,4,,
WSH_SANITATION_SAFELY_MANAGED,Population using safely managed sanitation services (%),https://www.who.int/data/gho/data/indicators/indicator-details/GHO/population-using-safely-managed-sanitation-services-%28-%29,2022,2022,2022,AFR,Africa,GHA,Ghana,RESIDENCEAREATYPE,RESIDENCEAREATYPE_URB,Urban,14.04574,14,,
WSH_SANITATION_SAFELY_MANAGED,Population using safely managed sanitation services (%),https://www.who.int/data/gho/data/indicators/indicator-details/GHO/population-using-safely-managed-sanitation-services-%28-%29,2005,2005,2005,AFR,Africa,GHA,Ghana,RESIDENCEAREATYPE,RESIDENCEAREATYPE_URB,Urban,7.64205,8,,
WSH_WATER_SAFELY_MANAGED,Population using safely managed drinking-water services (%),https://www.who.int/data/gho/data/indicators/indicator-details/GHO/population-using-safely-managed-drinking-water-services-%28-%29,2013,2013,2013,AFR,Africa,GHA,Ghana,RESIDENCEAREATYPE,RESIDENCEAREATYPE_TOTL,Total,29.8078,30,,
WSH_SANITATION_SAFELY_MANAGED,Population using safely managed sanitation services (%),https://www.who.int/data/gho/data/indicators/indicator-details/GHO/population-using-safely-managed-sanitation-services-%28-%29,2003,2003,2003,AFR,Africa,GHA,Ghana,RESIDENCEAREATYPE,RESIDENCEAREATYPE_RUR,Rural,3.06624,3,,
WSH_SANITATION_BASIC,Population using at least basic sanitation services (%),https://www.who.int/data/gho/data/indicators/indicator-details/GHO/population-using-at-least-basic-sanitation-services-%28-%29,2016,2016,2016,AFR,Africa,GHA,Ghana,RESIDENCEAREATYPE,RESIDENCEAREATYPE_URB,Urban,27.04316,27,,
SDGODAWS,Amount of water- and sanitation-related official development assistance that is part of a government-coordinated spending plan (constant 2023 US$ millions),https://www.who.int/data/gho/data/indicators/indicator-details/GHO/amount-of-water--and-sanitation-related-official-development-assistance-that-is-part-of-a-government-coordinated-spending-plan,2022,2022,2022,AFR,Africa,GHA,Ghana,,,,52.1338,52.1,,
WSH_SANITATION_BASIC,Population using at least basic sanitation services (%),https://www.who.int/data/gho/data/indicators/indicator-details/GHO/population-using-at-least-basic-sanitation-services-%28-%29,2012,2012,2012,AFR,Africa,GHA,Ghana,RESIDENCEAREATYPE,RESIDENCEAREATYPE_URB,Urban,22.75708,23,,
WSH_SANITATION_SAFELY_MANAGED,Population using safely managed sanitation services (%),https://www.who.int/data/gho/data/indicators/indicator-details/GHO/population-using-safely-managed-sanitation-services-%28-%29,2006,2006,2006,AFR,Africa,GHA,Ghana,RESIDENCEAREATYPE,RESIDENCEAREATYPE_RUR,Rural,5.00487,5,,
WSH_WATER_SAFELY_MANAGED,Population using safely managed drinking-water services (%),https://www.who.int/data/gho/data/indicators/indicator-details/GHO/population-using-safely-managed-drinking-water-services-%28-%29,2021,2021,2021,AFR,Africa,GHA,Ghana,RESIDENCEAREATYPE,RESIDENCEAREATYPE_RUR,Rural,17.64555,18,,
WSH_WATER_SAFELY_MANAGED,Population using safely managed drinking-water services (%),https://www.who.int/data/gho/data/indicators/indicator-details/GHO/population-using-safely-managed-drinking-water-services-%28-%29,2017,2017,2017,AFR,Africa,GHA,Ghana,RESIDENCEAREATYPE,RESIDENCEAREATYPE_TOTL,Total,36.8034,37,,
WSH_WATER_SAFELY_MANAGED,Population using safely managed drinking-water services (%),https://www.who.int/data/gho/data/indicators/indicator-details/GHO/population-using-safely-managed-drinking-water-services-%28-%29,2018,2018,2018,AFR,Africa,GHA,Ghana,RESIDENCEAREATYPE,RESIDENCEAREATYPE_RUR,Rural,14.20993,14,,
WSH_WATER_SAFELY_MANAGED,Population using safely managed drinking-water services (%),https://www.who.int/data/gho/data/indicators/indicator-details/GHO/population-using-safely-managed-drinking-water-services-%28-%29,2000,2000,2000,AFR,Africa,GHA,Ghana,RESIDENCEAREATYPE,RESIDENCEAREATYPE_URB,Urban,27.536,28,,
WSH_SANITATION_BASIC,Population using at least basic sanitation services (%),https://www.who.int/data/gho/data/indicators/indicator-details/GHO/population-using-at-least-basic-sanitation-services-%28-%29,2012,2012,2012,AFR,Africa,GHA,Ghana,RESIDENCEAREATYPE,RESIDENCEAREATYPE_RUR,Rural,10.96801,11,,
WSH_SANITATION_BASIC,Population using at least basic sanitation services (%),https://www.who.int/data/gho/data/indicators/indicator-details/GHO/population-using-at-least-basic-sanitation-services-%28-%29,2011,2011,2011,AFR,Africa,GHA,Ghana,RESIDENCEAREATYPE,RESIDENCEAREATYPE_URB,Urban,21.70198,22,,
WSH_WATER_SAFELY_MANAGED,Population using safely managed drinking-water services (%),https://www.who.int/data/gho/data/indicators/indicator-details/GHO/population-using-safely-managed-drinking-water-services-%28-%29,2020,2020,2020,AFR,Africa,GHA,Ghana,RESIDENCEAREATYPE,RESIDENCEAREATYPE_TOTL,Total,42.33546,42,,
WSH_SANITATION_BASIC,Population using at least basic sanitation services (%),https://www.who.int/data/gho/data/indicators/indicator-details/GHO/population-using-at-least-basic-sanitation-services-%28-%29,2019,2019,2019,AFR,Africa,GHA,Ghana,RESIDENCEAREATYPE,RESIDENCEAREATYPE_URB,Urban,30.32669,30,,
WSH_SANITATION_SAFELY_MANAGED,Population using safely managed sanitation services (%),https://www.who.int/data/gho/data/indicators/indicator-details/GHO/population-using-safely-managed-sanitation-services-%28-%29,2016,2016,2016,AFR,Africa,GHA,Ghana,RESIDENCEAREATYPE,RESIDENCEAREATYPE_URB,Urban,11.97664,12,,
SDGODAWS,Amount of water- and sanitation-related official development assistance that is part of a government-coordinated spending plan (constant 2023 US$ millions),https://www.who.int/data/gho/data/indicators/indicator-details/GHO/amount-of-water--and-sanitation-related-official-development-assistance-that-is-part-of-a-government-coordinated-spending-plan,2012,2012,2012,AFR,Africa,GHA,Ghana,,,,117.829,117.8,,
WSH_WATER_SAFELY_MANAGED,Population using safely managed drinking-water services (%),https://www.who.int/data/gho/data/indicators/indicator-details/GHO/population-using-safely-managed-drinking-water-services-%28-%29,2015,2015,2015,AFR,Africa,GHA,Ghana,RESIDENCEAREATYPE,RESIDENCEAREATYPE_RUR,Rural,10.99319,11,,
WSH_SANITATION_BASIC,Population using at least basic sanitation services (%),https://www.who.int/data/gho/data/indicators/indicator-details/GHO/population-using-at-least-basic-sanitation-services-%28-%29,2000,2000,2000,AFR,Africa,GHA,Ghana,RESIDENCEAREATYPE,RESIDENCEAREATYPE_RUR,Rural,2.15096,2,,
WSH_SANITATION_BASIC,Population using at least basic sanitation services (%),https://www.who.int/data/gho/data/indicators/indicator-details/GHO/population-using-at-least-basic-sanitation-services-%28-%29,2017,2017,2017,AFR,Africa,GHA,Ghana,RESIDENCEAREATYPE,RESIDENCEAREATYPE_RUR,Rural,15.8848,16,,
WSH_SANITATION_BASIC,Population using at least basic sanitation services (%),https://www.who.int/data/gho/data/indicators/indicator-details/GHO/population-using-at-least-basic-sanitation-services-%28-%29,2006,2006,2006,AFR,Africa,GHA,Ghana,RESIDENCEAREATYPE,RESIDENCEAREATYPE_RUR,Rural,5.83294,6,,
WSH_DOMESTIC_WASTE_SAFELY_TREATED,SDG 6.3.1 Proportion of safely treated domestic wastewater flows (%),https://www.who.int/data/gho/data/indicators/indicator-details/GHO/WSH_DOMESTIC_WASTE_SAFELY_TREATED,2022,2022,2022,AFR,Africa,GHA,Ghana,,,,11.81822,11.8,,
WSH_SANITATION_SAFELY_MANAGED,Population using safely managed sanitation services (%),https://www.who.int/data/gho/data/indicators/indicator-details/GHO/population-using-safely-managed-sanitation-services-%28-%29,2022,2022,2022,AFR,Africa,GHA,Ghana,RESIDENCEAREATYPE,RESIDENCEAREATYPE_TOTL,Total,15.8341,16,,
SDGODAWS,Amount of water- and sanitation-related official development assistance that is part of a government-coordinated spending plan (constant 2023 US$ millions),https://www.who.int/data/gho/data/indicators/indicator-details/GHO/amount-of-water--and-sanitation-related-official-development-assistance-that-is-part-of-a-government-coordinated-spending-plan,2015,2015,2015,AFR,Africa,GHA,Ghana,,,,161.1845,161.2,,
WSH_SANITATION_SAFELY_MANAGED,Population using safely managed sanitation services (%),https://www.who.int/data/gho/data/indicators/indicator-details/GHO/population-using-safely-managed-sanitation-services-%28-%29,2003,2003,2003,AFR,Africa,GHA,Ghana,RESIDENCEAREATYPE,RESIDENCEAREATYPE_TOTL,Total,4.77215,5,,
WSH_WATER_SAFELY_MANAGED,Population using safely managed drinking-water services (%),https://www.who.int/data/gho/data/indicators/indicator-details/GHO/population-using-safely-managed-drinking-water-services-%28-%29,2017,2017,2017,AFR,Africa,GHA,Ghana,RESIDENCEAREATYPE,RESIDENCEAREATYPE_URB,Urban,55.86977,56,,
WSH_SANITATION_SAFELY_MANAGED,Population using safely managed sanitation services (%),https://www.who.int/data/gho/data/indicators/indicator-details/GHO/population-using-safely-managed-sanitation-services-%28-%29,2009,2009,2009,AFR,Africa,GHA,Ghana,RESIDENCEAREATYPE,RESIDENCEAREATYPE_TOTL,Total,8.21046,8,,
WSH_SANITATION_SAFELY_MANAGED,Population using safely managed sanitation services (%),https://www.who.int/data/gho/data/indicators/indicator-details/GHO/population-using-safely-managed-sanitation-services-%28-%29,2002,2002,2002,AFR,Africa,GHA,Ghana,RESIDENCEAREATYPE,RESIDENCEAREATYPE_URB,Urban,6.33832,6,,
WSH_WATER_SAFELY_MANAGED,Population using safely managed drinking-water services (%),https://www.who.int/data/gho/data/indicators/indicator-details/GHO/population-using-safely-managed-drinking-water-services-%28-%29,2009,2009,2009,AFR,Africa,GHA,Ghana,RESIDENCEAREATYPE,RESIDENCEAREATYPE_TOTL,Total,23.27362,23,,
WSH_SANITATION_SAFELY_MANAGED,Population using safely managed sanitation services (%),https://www.who.int/data/gho/data/indicators/indicator-details/GHO/population-using-safely-managed-sanitation-services-%28-%29,2014,2014,2014,AFR,Africa,GHA,Ghana,RESIDENCEAREATYPE,RESIDENCEAREATYPE_TOTL,Total,11.14993,11,,
WSH_WATER_SAFELY_MANAGED,Population using safely managed drinking-water services (%),https://www.who.int/data/gho/data/indicators/indicator-details/GHO/population-using-safely-managed-drinking-water-services-%28-%29,2019,2019,2019,AFR,Africa,GHA,Ghana,RESIDENCEAREATYPE,RESIDENCEAREATYPE_TOTL,Total,40.46505,40,,
WSH_SANITATION_BASIC,Population using at least basic sanitation services (%),https://www.who.int/data/gho/data/indicators/indicator-details/GHO/population-using-at-least-basic-sanitation-services-%28-%29,2011,2011,2011,AFR,Africa,GHA,Ghana,RESIDENCEAREATYPE,RESIDENCEAREATYPE_RUR,Rural,10.05421,10,,
WSH_WATER_SAFELY_MANAGED,Population using safely managed drinking-water services (%),https://www.who.int/data/gho/data/indicators/indicator-details/GHO/population-using-safely-managed-drinking-water-services-%28-%29,2002,2002,2002,AFR,Africa,GHA,Ghana,RESIDENCEAREATYPE,RESIDENCEAREATYPE_RUR,Rural,0.0,0,,
WSH_WATER_SAFELY_MANAGED,Population using safely managed drinking-water services (%),https://www.who.int/data/gho/data/indicators/indicator-details/GHO/population-using-safely-managed-drinking-water-services-%28-%29,2020,2020,2020,AFR,Africa,GHA,Ghana,RESIDENCEAREATYPE,RESIDENCEAREATYPE_URB,Urban,61.56736,62,,
WSH_SANITATION_SAFELY_MANAGED,Population using safely managed sanitation services (%),https://www.who.int/data/gho/data/indicators/indicator-details/GHO/population-using-safely-managed-sanitation-services-%28-%29,2021,2021,2021,AFR,Africa,GHA,Ghana,RESIDENCEAREATYPE,RESIDENCEAREATYPE_RUR,Rural,17.38188,17,,
WSH_SANITATION_BASIC,Population using at least basic sanitation services (%),https://www.who.int/data/gho/data/indicators/indicator-details/GHO/population-using-at-least-basic-sanitation-services-%28-%29,2000,2000,2000,AFR,Africa,GHA,Ghana,RESIDENCEAREATYPE,RESIDENCEAREATYPE_TOTL,Total,6.24573,6,,
SDGODAWS,Amount of water- and sanitation-related official development assistance that is part of a government-coordinated spending plan (constant 2023 US$ millions),https://www.who.int/data/gho/data/indicators/indicator-details/GHO/amount-of-water--and-sanitation-related-official-development-assistance-that-is-part-of-a-government-coordinated-spending-plan,2019,2019,2019,AFR,Africa,GHA,Ghana,,,,69.8196,69.8,,
WSH_WATER_SAFELY_MANAGED,Population using safely managed drinking-water services (%),https://www.who.int/data/gho/data/indicators/indicator-details/GHO/population-using-safely-managed-drinking-water-services-%28-%29,2010,2010,2010,AFR,Africa,GHA,Ghana,RESIDENCEAREATYPE,RESIDENCEAREATYPE_URB,Urban,43.07839,43,,
